20000103,9.11
20000104,8.805
20000105,8.46
20000106,8.595
20000107,8.745
20000110,9.07
20000111,9.09
20000112,8.95
20000113,8.745
20000114,8.555
20000117,8.29
20000118,8.46
20000119,8.365
20000120,8.27
20000121,8.46
20000124,8.975
20000125,9.37
20000126,9.355
20000127,9.54
20000128,9.43
20000131,9.355
20000201,9.335
20000202,9.05
20000203,9.12
20000204,9.05
20000207,9.05
20000208,9.03
20000209,9.03
20000210,9.05
20000211,9.015
20000214,9.03
20000215,9.015
20000216,9.05
20000217,9.05
20000218,9.165
20000221,8.63
20000222,9.05
20000223,9.07
20000224,9.145
20000225,9.165
20000228,9.45
20000229,9.43
20000301,9.47
20000302,9.32
20000303,9.335
20000306,9.225
20000307,9.45
20000308,9.145
20000309,9.3
20000310,9.335
20000313,9.47
20000314,9.37
20000315,9.335
20000316,9.47
20000317,9.415
20000320,9.47
20000321,9.47
20000322,9.655
20000323,9.735
20000324,10.025
20000327,10.325
20000328,10.52
20000329,10.65
20000330,11.125
20000331,10.995
20000403,10.84
20000404,10.63
20000405,10.69
20000406,10.65
20000407,10.67
20000410,10.23
20000411,10.23
20000412,10.215
20000413,9.925
20000414,9.925
20000417,9.905
20000418,10.135
20000419,10.405
20000420,10.5
20000425,10.195
20000426,10.29
20000427,10.365
20000428,10.23
20000501,10.46
20000502,10.215
20000503,10.23
20000504,10.195
20000505,10.25
20000508,10.31
20000509,10.27
20000510,10.29
20000511,10.175
20000512,10.075
20000515,10.1
20000516,10.1
20000517,9.985
20000518,10.06
20000519,10.175
20000522,10.005
20000523,10.075
20000524,10.005
20000525,9.89
20000526,9.85
20000529,9.985
20000530,9.87
20000531,9.585
20000602,9.3
20000605,9.37
20000606,9.28
20000607,9.45
20000608,9.51
20000609,9.51
20000613,9.395
20000614,9.335
20000615,9.185
20000616,9.24
20000619,9.12
20000620,9.05
20000621,9.11
20000622,8.915
20000623,8.95
20000626,8.63
20000627,8.595
20000628,8.495
20000629,8.745
20000630,8.65
20000703,8.86
20000704,8.86
20000705,8.975
20000706,8.995
20000707,9.09
20000710,9.395
20000711,9.51
20000712,9.225
20000713,9.185
20000714,8.975
20000717,9.09
20000718,8.975
20000719,8.95
20000720,8.88
20000721,8.805
20000724,8.71
20000725,8.745
20000726,8.765
20000727,8.69
20000728,8.69
20000731,8.78
20000801,9.185
20000802,9.165
20000803,9.05
20000804,9.07
20000807,9.145
20000808,9.2
20000809,8.975
20000810,8.935
20000811,8.805
20000814,8.765
20000815,8.765
20000816,8.915
20000817,9.185
20000818,9.49
20000821,9.415
20000822,9.54
20000823,9.54
20000824,9.54
20000825,8.765
20000828,9.45
20000829,9.355
20000830,9.165
20000831,9.165
20000901,9.12
20000904,9.015
20000905,9.12
20000906,9.11
20000907,9.07
20000908,9.225
20000911,9.03
20000912,9.05
20000913,9.07
20000914,9.07
20000915,9.185
20000918,9.11
20000919,8.9
20000920,8.825
20000921,9.015
20000922,8.78
20000925,8.9
20000926,8.78
20000927,8.995
20000928,8.95
20000929,8.765
20001002,8.665
20001003,8.65
20001004,8.52
20001005,8.575
20001006,8.345
20001009,8.385
20001010,8.365
20001011,8.325
20001012,8.1
20001013,8.075
20001016,8.325
20001017,8.025
20001018,8.025
20001019,8.005
20001020,8.005
20001023,8.005
20001024,8.06
20001025,7.795
20001026,7.91
20001027,7.945
20001030,8.195
20001031,8.365
20001101,8.69
20001102,8.765
20001103,8.805
20001106,9.395
20001107,9.26
20001108,8.995
20001109,8.78
20001110,9.145
20001113,8.975
20001114,9.145
20001115,9.05
20001116,9.12
20001117,9.09
20001120,9.07
20001121,8.9
20001122,8.78
20001123,8.575
20001124,8.745
20001127,8.69
20001128,8.63
20001129,8.725
20001130,8.615
20001201,8.665
20001204,8.725
20001205,8.745
20001206,8.765
20001207,8.615
20001208,8.745
20001211,8.65
20001212,8.745
20001213,8.615
20001214,8.615
20001215,8.615
20001218,8.665
20001219,8.385
20001220,8.31
20001221,7.985
20001222,7.51
20001227,7.985
20001228,8.12
20001229,8.555
20010102,8.495
20010103,8.495
20010104,8.405
20010105,8.46
20010108,8.23
20010109,8.345
20010110,8.215
20010111,8.06
20010112,8.385
20010115,8.345
20010116,8.195
20010117,8.29
20010118,8.29
20010119,8.385
20010122,8.215
20010123,8.06
20010124,8.155
20010125,8.04
20010126,8.215
20010129,8.23
20010130,8.245
20010131,8.195
20010201,8.195
20010202,8.365
20010205,8.44
20010206,8.575
20010207,8.52
20010208,8.71
20010209,8.65
20010212,8.765
20010213,9.11
20010214,9.05
20010215,9.09
20010216,8.995
20010219,9.335
20010220,9.335
20010221,9.2
20010222,9.525
20010223,9.825
20010226,9.525
20010227,9.85
20010228,9.64
20010301,9.54
20010302,9.32
20010305,9.28
20010306,9.47
20010307,9.64
20010308,9.755
20010309,9.7
20010312,9.775
20010313,9.815
20010314,9.51
20010315,9.525
20010316,9.185
20010319,9.12
20010320,8.995
20010321,9.07
20010322,8.725
20010323,8.53
20010326,8.915
20010327,8.995
20010328,9.24
20010329,9.185
20010330,9.43
20010402,9.54
20010403,9.68
20010404,9.51
20010405,9.415
20010406,9.62
20010409,9.775
20010410,10.075
20010411,10.46
20010412,10.44
20010417,10.42
20010418,10.5
20010419,10.63
20010420,10.405
20010423,10.52
20010424,10.365
20010425,10.385
20010426,10.52
20010427,10.555
20010501,10.135
20010502,10.215
20010503,10.44
20010504,10.71
20010507,10.555
20010508,10.365
20010509,10.215
20010510,10.025
20010511,10.345
20010514,10.27
20010515,10.25
20010516,10.23
20010517,10.075
20010518,10.215
20010521,10.175
20010522,10.12
20010523,9.925
20010524,9.925
20010525,10.005
20010528,10.1
20010529,10.12
20010530,10.1
20010531,10.12
20010601,10.23
20010605,10.27
20010606,10.52
20010607,10.5
20010608,10.29
20010611,10.23
20010612,10.23
20010613,10.195
20010614,10.075
20010615,10.1
20010618,10.175
20010619,9.945
20010620,10.06
20010621,9.815
20010622,9.85
20010625,9.565
20010626,9.37
20010627,9.32
20010628,9.185
20010629,9.015
20010702,9.28
20010703,9.72
20010704,9.735
20010705,9.655
20010706,9.28
20010709,8.95
20010710,9.12
20010711,9.11
20010712,9.015
20010713,8.915
20010716,8.975
20010717,9.015
20010718,8.975
20010719,8.71
20010720,8.71
20010723,8.765
20010724,8.9
20010725,8.95
20010726,8.86
20010727,8.84
20010730,8.805
20010731,8.78
20010801,8.825
20010802,8.84
20010803,8.595
20010806,8.665
20010807,8.69
20010808,8.48
20010809,8.52
20010810,8.365
20010813,8.425
20010814,8.345
20010815,8.27
20010816,8.23
20010817,8.1
20010820,7.815
20010821,7.815
20010822,7.795
20010823,7.625
20010824,7.49
20010827,8.155
20010828,8.23
20010829,7.64
20010830,7.605
20010831,7.625
20010903,7.755
20010904,7.355
20010905,7.28
20010906,7.47
20010907,7.415
20010910,7.415
20010911,7.28
20010912,6.86
20010913,7.145
20010914,7.07
20010917,6.5
20010918,6.575
20010919,7.015
20010920,6.84
20010921,6.27
20010924,6.235
20010925,6.575
20010926,6.52
20010927,6.71
20010928,6.785
20011001,6.405
20011002,6.67
20011003,6.5
20011004,6.52
20011005,6.595
20011008,6.5
20011009,6.44
20011010,6.425
20011011,6.765
20011012,6.92
20011015,6.86
20011016,6.84
20011017,7.035
20011018,7.13
20011019,6.955
20011022,6.88
20011023,6.975
20011024,7.13
20011025,6.935
20011026,7.07
20011029,6.86
20011030,6.745
20011031,6.595
20011101,6.595
20011102,6.67
20011105,6.535
20011106,6.57
20011107,6.595
20011108,6.44
20011109,6.52
20011112,6.32
20011113,6.365
20011114,6.29
20011115,6.215
20011116,6.235
20011119,6.29
20011120,6.595
20011121,6.535
20011122,6.555
20011123,6.555
20011126,6.6
20011127,6.535
20011128,6.52
20011129,6.535
20011130,6.535
20011203,6.67
20011204,6.7
20011205,6.71
20011206,6.805
20011207,6.92
20011210,6.92
20011211,6.9
20011212,6.9
20011213,6.955
20011214,6.84
20011217,6.73
20011218,6.73
20011219,6.785
20011220,6.785
20011221,6.86
20011224,6.86
20011227,6.91
20011228,6.97
20020102,6.995
20020103,6.94
20020104,7.0
20020107,7.325
20020108,7.565
20020109,7.475
20020110,7.3
20020111,7.455
20020114,7.505
20020115,7.43
20020116,7.47
20020117,7.415
20020118,7.505
20020121,7.465
20020122,7.395
20020123,7.415
20020124,7.43
20020125,7.375
20020128,7.24
20020129,6.9
20020130,6.83
20020131,6.885
20020201,7.065
20020204,7.205
20020205,7.47
20020206,7.93
20020207,7.83
20020208,7.96
20020211,8.175
20020212,8.01
20020213,8.015
20020214,8.01
20020215,8.005
20020218,7.89
20020219,7.83
20020220,7.985
20020221,8.18
20020222,7.91
20020225,7.965
20020226,7.96
20020227,7.965
20020228,7.85
20020301,7.705
20020304,8.06
20020305,7.935
20020306,7.93
20020307,7.965
20020308,7.93
20020311,7.985
20020312,8.015
20020313,7.975
20020314,8.01
20020315,7.91
20020318,7.91
20020319,7.93
20020320,7.965
20020321,7.91
20020322,7.91
20020325,7.91
20020326,7.85
20020327,7.775
20020328,7.755
20020402,7.815
20020403,7.785
20020404,7.795
20020405,7.605
20020408,7.655
20020409,7.51
20020410,7.53
20020411,7.53
20020412,7.575
20020415,7.54
20020416,7.45
20020417,7.695
20020418,7.77
20020419,8.195
20020422,8.55
20020423,7.875
20020424,7.91
20020425,8.195
20020426,8.07
20020429,8.09
20020430,8.065
20020502,8.005
20020503,7.89
20020506,7.87
20020507,7.865
20020508,7.68
20020509,7.68
20020510,7.625
20020513,7.62
20020514,7.655
20020515,7.64
20020516,7.8
20020517,7.77
20020520,7.835
20020521,7.78
20020522,7.725
20020523,7.66
20020524,7.775
20020527,7.75
20020528,7.645
20020529,7.72
20020530,7.705
20020531,7.625
20020603,7.59
20020604,7.625
20020605,7.585
20020606,7.53
20020607,7.495
20020610,7.43
20020611,7.465
20020612,7.47
20020613,7.355
20020614,7.355
20020617,7.26
20020618,7.44
20020619,7.47
20020620,7.39
20020621,7.43
20020624,7.265
20020625,7.28
20020626,7.28
20020627,7.165
20020628,7.24
20020701,8.255
20020702,7.505
20020703,7.255
20020704,7.255
20020705,7.005
20020708,7.005
20020709,7.03
20020710,6.88
20020711,6.78
20020712,6.74
20020715,6.51
20020716,6.43
20020717,6.49
20020718,6.535
20020719,6.455
20020722,6.36
20020723,6.305
20020724,6.28
20020725,6.1
20020726,6.005
20020729,6.01
20020730,6.17
20020731,6.13
20020801,5.915
20020802,6.025
20020805,5.86
20020806,5.755
20020807,5.525
20020808,5.585
20020809,5.65
20020812,5.61
20020813,5.505
20020814,5.595
20020815,5.34
20020816,5.455
20020819,5.525
20020820,5.555
20020821,5.48
20020822,5.48
20020823,5.625
20020826,5.65
20020827,5.805
20020828,5.765
20020829,5.645
20020830,5.51
20020902,5.565
20020903,5.51
20020904,5.575
20020905,5.51
20020906,5.505
20020909,5.455
20020910,5.435
20020911,5.455
20020912,5.555
20020913,5.67
20020916,5.64
20020917,5.73
20020918,5.42
20020919,5.355
20020920,5.255
20020923,5.26
20020924,5.015
20020925,4.835
20020926,4.89
20020927,5.205
20020930,5.02
20021001,5.03
20021002,5.245
20021003,5.28
20021004,5.255
20021007,5.18
20021008,5.275
20021009,5.19
20021010,5.155
20021011,5.275
20021014,5.68
20021015,5.655
20021016,5.75
20021017,5.825
20021018,5.96
20021021,5.555
20021022,5.91
20021023,5.955
20021024,5.93
20021025,5.955
20021028,5.955
20021029,5.825
20021030,5.88
20021031,5.855
20021101,5.83
20021104,5.83
20021105,5.955
20021106,5.865
20021107,5.87
20021108,5.86
20021111,5.88
20021112,5.855
20021113,5.855
20021114,5.78
20021115,5.88
20021118,5.855
20021119,5.88
20021120,5.89
20021121,5.885
20021122,5.98
20021125,5.885
20021126,5.905
20021127,5.88
20021128,5.87
20021129,5.87
20021202,5.895
20021203,5.98
20021204,5.96
20021205,5.93
20021206,5.99
20021209,6.005
20021210,5.89
20021211,5.915
20021212,5.88
20021213,5.87
20021216,5.885
20021217,5.945
20021218,5.98
20021219,5.935
20021220,6.195
20021223,5.955
20021224,6.005
20021227,5.955
20021230,6.095
20021231,6.105
20030102,6.205
20030103,6.24
20030106,6.41
20030107,6.37
20030108,6.305
20030109,6.315
20030110,6.305
20030113,6.255
20030114,6.3
20030115,6.28
20030116,6.205
20030117,6.215
20030120,6.23
20030121,6.21
20030122,6.245
20030123,6.13
20030124,6.055
20030127,5.955
20030128,5.8
20030129,5.765
20030130,5.62
20030131,5.705
20030203,5.73
20030204,5.865
20030205,5.73
20030206,5.73
20030207,5.625
20030210,5.5
20030211,5.395
20030212,5.33
20030213,5.155
20030214,5.155
20030217,5.205
20030218,5.15
20030219,5.18
20030220,5.205
20030221,5.245
20030224,5.27
20030225,5.265
20030226,5.13
20030227,5.005
20030228,5.055
20030303,5.33
20030304,5.155
20030305,5.15
20030306,5.2
20030307,4.58
20030310,4.6
20030311,4.455
20030312,4.395
20030313,4.38
20030314,4.455
20030317,4.475
20030318,4.55
20030319,4.575
20030320,4.905
20030321,4.975
20030324,5.38
20030325,5.35
20030326,5.245
20030327,5.265
20030328,5.015
20030331,4.895
20030401,4.935
20030402,5.08
20030403,5.19
20030404,5.155
20030407,5.21
20030408,5.17
20030409,5.255
20030410,5.255
20030411,5.205
20030414,5.255
20030415,5.315
20030416,5.45
20030417,5.315
20030422,5.16
20030423,5.33
20030424,5.115
20030425,5.095
20030428,5.145
20030429,5.1
20030430,5.01
20030502,5.15
20030505,5.18
20030506,5.25
20030507,5.68
20030508,5.805
20030509,5.695
20030512,5.655
20030513,5.64
20030514,5.76
20030515,5.635
20030516,5.745
20030519,5.74
20030520,5.505
20030521,5.505
20030522,5.53
20030523,5.635
20030526,5.68
20030527,5.655
20030528,5.555
20030529,5.605
20030530,5.655
20030602,5.63
20030603,5.705
20030604,5.705
20030605,5.93
20030606,6.145
20030609,6.03
20030610,5.905
20030611,6.13
20030612,6.165
20030613,6.005
20030616,5.955
20030617,6.005
20030618,5.98
20030619,5.905
20030620,5.755
20030623,5.88
20030624,5.78
20030625,5.75
20030626,5.865
20030627,6.005
20030630,6.13
20030701,6.005
20030702,5.94
20030703,6.0
20030704,5.905
20030707,5.93
20030708,5.955
20030709,5.94
20030710,5.905
20030711,5.955
20030714,5.99
20030715,5.81
20030716,5.88
20030717,5.755
20030718,5.735
20030721,5.745
20030722,5.73
20030723,5.955
20030724,5.705
20030725,5.755
20030728,5.805
20030729,5.855
20030730,5.78
20030731,5.78
20030801,5.805
20030804,5.83
20030805,5.83
20030806,5.79
20030807,5.775
20030808,5.745
20030811,5.76
20030812,5.815
20030813,5.83
20030814,5.88
20030815,5.93
20030818,6.01
20030819,6.07
20030820,6.065
20030821,5.94
20030822,6.005
20030825,6.005
20030826,6.005
20030827,5.855
20030828,5.83
20030829,5.98
20030901,5.905
20030902,6.055
20030903,6.245
20030904,6.425
20030905,6.405
20030908,6.295
20030909,6.345
20030910,6.215
20030911,6.105
20030912,6.08
20030915,6.18
20030916,6.04
20030917,6.18
20030918,6.065
20030919,6.065
20030922,6.0
20030923,5.905
20030924,5.75
20030925,5.805
20030926,5.705
20030929,5.865
20030930,5.875
20031001,5.805
20031002,5.905
20031003,5.88
20031006,5.915
20031007,5.99
20031008,5.98
20031009,5.955
20031010,5.93
20031013,5.815
20031014,5.805
20031015,5.895
20031016,5.935
20031017,6.125
20031020,6.14
20031021,6.205
20031022,6.22
20031023,6.255
20031024,6.08
20031027,6.205
20031028,6.255
20031029,6.225
20031030,6.21
20031031,6.205
20031103,6.405
20031104,6.555
20031105,6.505
20031106,6.755
20031107,7.045
20031110,7.17
20031111,7.105
20031112,7.21
20031113,7.38
20031114,7.365
20031117,7.4
20031118,7.19
20031119,7.155
20031120,7.205
20031121,7.165
20031124,7.19
20031125,7.31
20031126,7.155
20031127,7.255
20031128,7.375
20031201,7.505
20031202,7.755
20031203,7.735
20031204,7.63
20031205,7.55
20031208,7.54
20031209,7.59
20031210,7.565
20031211,7.605
20031212,7.6
20031215,7.605
20031216,7.61
20031217,7.555
20031218,7.605
20031219,7.565
20031222,7.56
20031223,7.53
20031224,7.505
20031229,7.51
20031230,7.605
20031231,7.565
20040102,7.555
20040105,7.545
20040106,7.58
20040107,7.56
20040108,7.565
20040109,7.625
20040112,7.53
20040113,7.475
20040114,7.5
20040115,7.53
20040116,7.43
20040119,7.48
20040120,7.435
20040121,7.455
20040122,7.43
20040123,7.445
20040126,7.51
20040127,7.545
20040128,7.525
20040129,7.63
20040130,7.58
20040202,7.635
20040203,7.605
20040204,7.68
20040205,7.655
20040206,7.61
20040209,7.66
20040210,7.77
20040211,7.78
20040212,7.705
20040213,7.64
20040216,7.695
20040217,7.605
20040218,7.755
20040219,7.805
20040220,7.72
20040223,7.73
20040224,7.75
20040225,7.68
20040226,7.755
20040227,7.71
20040301,7.705
20040302,7.755
20040303,7.705
20040304,7.715
20040305,7.67
20040308,7.56
20040309,7.545
20040310,7.28
20040311,7.285
20040312,7.015
20040315,7.085
20040316,6.88
20040317,6.985
20040318,7.005
20040319,7.015
20040322,6.91
20040323,6.805
20040324,6.905
20040325,6.78
20040326,6.82
20040329,6.87
20040330,7.03
20040331,7.25
20040401,7.15
20040402,7.265
20040405,7.345
20040406,7.28
20040407,7.255
20040408,7.265
20040413,7.21
20040414,7.185
20040415,7.155
20040416,7.11
20040419,7.08
20040420,7.145
20040421,7.365
20040422,7.38
20040423,7.36
20040426,7.27
20040427,7.375
20040428,7.505
20040429,7.43
20040430,7.26
20040503,7.345
20040504,7.3
20040505,7.28
20040506,7.275
20040507,7.205
20040510,7.045
20040511,6.885
20040512,6.955
20040513,6.88
20040514,6.91
20040517,6.655
20040518,6.57
20040519,6.605
20040520,6.72
20040521,6.75
20040524,6.77
20040525,6.81
20040526,6.735
20040527,6.82
20040528,6.76
20040531,6.725
20040601,6.755
20040602,6.76
20040603,6.805
20040604,6.79
20040607,6.87
20040608,6.87
20040609,6.785
20040610,6.755
20040611,6.82
20040614,6.875
20040615,6.83
20040616,6.755
20040617,6.84
20040618,6.73
20040621,6.71
20040622,6.685
20040623,6.78
20040624,6.755
20040625,6.715
20040628,6.8
20040629,6.73
20040630,6.755
20040701,6.78
20040702,6.78
20040705,6.795
20040706,6.8
20040707,6.665
20040708,6.705
20040709,6.88
20040712,6.815
20040713,6.805
20040714,6.91
20040715,6.855
20040716,6.845
20040719,6.9
20040720,6.955
20040721,7.035
20040722,7.005
20040723,7.03
20040726,7.04
20040727,7.005
20040728,7.15
20040729,7.075
20040730,7.17
20040802,7.185
20040803,7.255
20040804,7.13
20040805,7.155
20040806,7.245
20040809,7.13
20040810,7.155
20040811,7.205
20040812,7.055
20040813,7.075
20040816,7.08
20040817,7.01
20040818,7.07
20040819,7.18
20040820,7.005
20040823,6.995
20040824,6.98
20040825,7.075
20040826,6.98
20040827,6.97
20040830,6.95
20040831,6.955
20040901,7.005
20040902,6.99
20040903,7.005
20040906,6.945
20040907,6.91
20040908,6.885
20040909,6.865
20040910,6.585
20040913,6.725
20040914,6.805
20040915,6.8
20040916,6.83
20040917,6.88
20040920,6.85
20040921,6.905
20040922,6.945
20040923,6.945
20040924,7.005
20040927,6.89
20040928,6.855
20040929,6.93
20040930,6.925
20041001,6.96
20041004,7.065
20041005,7.165
20041006,7.225
20041007,7.185
20041008,7.14
20041011,7.18
20041012,7.23
20041013,7.23
20041014,7.055
20041015,6.955
20041018,7.005
20041019,7.055
20041020,7.075
20041021,6.96
20041022,7.055
20041025,7.08
20041026,7.04
20041027,7.16
20041028,7.16
20041029,7.15
20041101,7.15
20041102,7.225
20041103,7.505
20041104,7.53
20041105,7.755
20041108,7.71
20041109,7.73
20041110,7.705
20041111,7.68
20041112,7.735
20041115,8.2
20041116,8.37
20041117,8.105
20041118,8.2
20041119,8.315
20041122,8.155
20041123,8.13
20041124,8.395
20041125,8.575
20041126,8.415
20041129,8.43
20041130,8.155
20041201,8.2
20041202,8.325
20041203,8.255
20041206,8.03
20041207,8.18
20041208,8.2
20041209,7.99
20041210,7.865
20041213,7.895
20041214,7.93
20041215,7.935
20041216,7.83
20041217,8.05
20041220,8.06
20041221,8.185
20041222,8.135
20041223,8.18
20041224,7.995
20041227,8.005
20041228,8.0
20041229,7.945
20041230,7.855
20041231,7.84
20050103,7.88
20050104,7.87
20050105,7.93
20050106,7.955
20050107,8.13
20050110,8.18
20050111,8.18
20050112,8.165
20050113,8.15
20050114,8.195
20050117,8.46
20050118,8.505
20050119,8.73
20050120,8.735
20050121,8.9
20050124,8.8
20050125,8.88
20050126,8.89
20050127,8.78
20050128,8.905
20050131,8.95
20050201,8.895
20050202,8.86
20050203,8.915
20050204,8.935
20050207,8.94
20050208,9.005
20050209,8.98
20050210,8.855
20050211,8.855
20050214,8.87
20050215,8.905
20050216,8.945
20050217,8.95
20050218,8.99
20050221,9.05
20050222,8.815
20050223,8.865
20050224,8.895
20050225,8.94
20050228,8.88
20050301,8.87
20050302,9.005
20050303,9.335
20050304,9.255
20050307,9.165
20050308,9.165
20050309,9.115
20050310,9.005
20050311,9.065
20050314,9.07
20050315,9.04
20050316,9.085
20050317,9.02
20050318,9.05
20050321,9.055
20050322,9.055
20050323,9.355
20050324,9.345
20050329,9.2
20050330,9.105
20050331,9.135
20050401,9.325
20050404,9.325
20050405,9.45
20050406,9.655
20050407,9.7
20050408,9.86
20050411,9.855
20050412,9.765
20050413,9.815
20050414,9.7
20050415,9.57
20050418,9.355
20050419,9.52
20050420,9.575
20050421,9.62
20050422,9.7
20050425,9.585
20050426,9.7
20050427,9.415
20050428,9.23
20050429,9.23
20050502,9.02
20050503,9.175
20050504,9.075
20050505,9.075
20050506,9.255
20050509,9.31
20050510,9.28
20050511,9.245
20050512,9.21
20050513,9.18
20050516,9.12
20050517,9.07
20050518,9.18
20050519,9.165
20050520,9.04
20050523,9.12
20050524,9.23
20050525,9.355
20050526,9.365
20050527,9.31
20050530,9.29
20050531,9.3
20050601,9.45
20050602,9.48
20050603,9.43
20050606,9.48
20050607,9.51
20050608,9.475
20050609,9.675
20050610,9.76
20050613,9.95
20050614,9.915
20050615,9.825
20050616,9.77
20050617,9.78
20050620,9.825
20050621,9.9
20050622,9.885
20050623,9.865
20050624,9.985
20050627,9.96
20050628,10.385
20050629,10.785
20050630,10.435
20050701,10.395
20050704,10.405
20050705,10.4
20050706,10.61
20050707,10.47
20050708,10.69
20050711,10.68
20050712,10.425
20050713,10.505
20050714,10.625
20050715,10.505
20050718,10.555
20050719,10.755
20050720,10.925
20050721,10.985
20050722,10.905
20050725,10.89
20050726,10.99
20050727,11.03
20050728,11.03
20050729,11.05
20050801,11.035
20050802,10.93
20050803,11.26
20050804,11.175
20050805,10.96
20050808,11.205
20050809,11.755
20050810,12.37
20050811,11.975
20050812,12.275
20050815,11.985
20050816,11.815
20050817,11.81
20050818,11.795
20050819,11.73
20050822,11.73
20050823,11.635
20050824,11.525
20050825,11.505
20050826,11.375
20050829,11.1
20050830,11.525
20050831,11.68
20050901,11.905
20050902,11.84
20050905,11.73
20050906,11.695
20050907,11.63
20050908,11.52
20050909,11.545
20050912,11.565
20050913,11.485
20050914,11.45
20050915,11.35
20050916,11.48
20050919,11.63
20050920,11.68
20050921,11.83
20050922,11.825
20050923,11.705
20050926,11.755
20050927,11.69
20050928,11.72
20050929,11.705
20050930,11.75
20051003,11.655
20051004,11.825
20051005,11.755
20051006,11.61
20051007,11.625
20051010,11.64
20051011,11.69
20051012,11.755
20051013,11.655
20051014,11.605
20051017,11.595
20051018,11.6
20051019,11.455
20051020,11.54
20051021,11.46
20051024,11.6
20051025,11.63
20051026,11.58
20051027,11.385
20051028,11.655
20051031,11.7
20051101,11.73
20051102,11.755
20051103,11.925
20051104,11.91
20051107,11.77
20051108,11.905
20051109,11.93
20051110,11.995
20051111,11.97
20051114,11.985
20051115,11.99
20051116,11.99
20051117,12.005
20051118,12.005
20051121,11.975
20051122,11.975
20051123,12.245
20051124,12.48
20051125,12.625
20051128,12.6
20051129,12.645
20051130,12.395
20051201,12.47
20051202,12.605
20051205,12.605
20051206,12.725
20051207,12.71
20051208,12.58
20051209,12.57
20051212,12.72
20051213,12.61
20051214,12.455
20051215,12.75
20051216,12.85
20051219,12.9
20051220,12.71
20051221,12.8
20051222,12.75
20051223,12.77
20051227,12.785
20051228,12.685
20051229,12.825
20051230,12.805
20060102,12.73
20060103,12.75
20060104,12.815
20060105,12.675
20060106,12.74
20060109,12.71
20060110,12.79
20060111,13.165
20060112,13.35
20060113,13.1
20060116,13.115
20060117,12.93
20060118,12.79
20060119,12.77
20060120,12.705
20060123,12.635
20060124,13.255
20060125,13.765
20060126,13.705
20060127,13.895
20060130,13.815
20060131,13.9
20060201,13.73
20060202,13.75
20060203,13.69
20060206,13.755
20060207,13.745
20060208,13.735
20060209,13.53
20060210,13.435
20060213,13.58
20060214,13.58
20060215,13.63
20060216,13.78
20060217,13.655
20060220,13.62
20060221,13.67
20060222,13.72
20060223,13.72
20060224,13.655
20060227,13.565
20060228,13.36
20060301,13.355
20060302,13.435
20060303,13.345
20060306,13.365
20060307,13.205
20060308,13.095
20060309,13.08
20060310,13.57
20060313,14.14
20060314,14.03
20060315,14.065
20060316,14.12
20060317,14.375
20060320,14.58
20060321,14.555
20060322,14.505
20060323,14.34
20060324,14.415
20060327,14.2
20060328,14.035
20060329,14.105
20060330,14.125
20060331,13.955
20060403,13.8
20060404,13.955
20060405,13.905
20060406,13.885
20060407,14.32
20060410,14.48
20060411,14.175
20060412,14.005
20060413,14.085
20060418,14.18
20060419,14.3
20060420,14.505
20060421,14.415
20060424,14.935
20060425,15.11
20060426,14.9
20060427,15.04
20060428,15.47
20060502,15.155
20060503,15.01
20060504,15.11
20060505,15.095
20060508,15.015
20060509,15.16
20060510,15.065
20060511,15.07
20060512,14.645
20060515,14.33
20060516,14.19
20060517,14.0
20060518,13.89
20060519,13.815
20060522,13.055
20060523,13.54
20060524,13.205
20060525,13.66
20060526,13.99
20060529,14.15
20060530,13.69
20060531,13.83
20060601,13.77
20060602,13.95
20060605,13.825
20060606,13.755
20060607,13.36
20060608,13.28
20060609,13.405
20060612,13.17
20060613,12.635
20060614,12.475
20060615,12.905
20060616,13.01
20060619,12.85
20060620,12.555
20060621,12.49
20060622,12.715
20060623,13.085
20060626,13.29
20060627,13.33
20060628,13.275
20060629,13.55
20060630,13.8
20060703,14.13
20060704,14.115
20060705,13.945
20060706,14.11
20060707,14.01
20060710,14.225
20060711,14.17
20060712,14.675
20060713,14.31
20060714,14.605
20060717,14.15
20060718,13.875
20060719,14.075
20060720,14.125
20060721,13.975
20060724,14.065
20060725,14.04
20060726,13.965
20060727,14.115
20060728,14.14
20060731,14.42
20060801,14.05
20060802,14.205
20060803,13.925
20060804,13.905
20060807,13.94
20060808,13.93
20060809,13.91
20060810,13.645
20060811,13.98
20060814,13.705
20060815,13.99
20060816,13.945
20060817,14.15
20060818,14.1
20060821,14.23
20060822,14.315
20060823,14.18
20060824,14.115
20060825,14.38
20060828,14.445
20060829,14.32
20060830,14.47
20060831,14.5
20060901,14.47
20060904,14.63
20060905,14.505
20060906,14.255
20060907,14.11
20060908,14.305
20060911,14.235
20060912,14.22
20060913,14.265
20060914,14.4
20060915,14.24
20060918,14.35
20060919,14.42
20060920,14.45
20060921,14.615
20060922,14.555
20060925,14.96
20060926,15.455
20060927,15.39
20060928,15.4
20060929,15.24
20061002,15.025
20061003,14.895
20061004,14.99
20061005,15.095
20061006,15.035
20061009,15.005
20061010,14.97
20061011,14.88
20061012,14.785
20061013,14.745
20061016,14.605
20061017,14.625
20061018,14.765
20061019,14.765
20061020,14.89
20061023,15.015
20061024,15.035
20061025,15.17
20061026,15.01
20061027,14.955
20061030,14.905
20061031,15.005
20061101,15.18
20061102,15.13
20061103,15.63
20061106,15.915
20061107,15.93
20061108,16.06
20061109,16.1
20061110,16.17
20061113,16.285
20061114,16.395
20061115,16.15
20061116,16.13
20061117,16.15
20061120,16.02
20061121,15.96
20061122,15.985
20061123,16.18
20061124,16.18
20061127,15.705
20061128,15.735
20061129,16.205
20061130,16.23
20061201,16.29
20061204,16.4
20061205,16.555
20061206,16.805
20061207,16.915
20061208,17.17
20061211,17.15
20061212,17.025
20061213,17.13
20061214,17.255
20061215,17.225
20061218,17.63
20061219,17.49
20061220,17.615
20061221,17.635
20061222,17.715
20061227,17.985
20061228,17.81
20061229,17.8
20070102,18.225
20070103,18.15
20070104,18.305
20070105,18.58
20070108,18.685
20070109,19.705
20070110,19.77
20070111,19.985
20070112,20.055
20070115,20.35
20070116,20.365
20070117,20.605
20070118,20.78
20070119,20.915
20070122,20.955
20070123,20.805
20070124,20.425
20070125,20.42
20070126,20.145
20070129,20.225
20070130,19.965
20070131,20.07
20070201,20.22
20070202,20.08
20070205,20.095
20070206,20.1
20070207,20.255
20070208,20.005
20070209,20.23
20070212,19.955
20070213,20.095
20070214,19.985
20070215,19.95
20070216,19.855
20070219,19.76
20070220,20.06
20070221,20.115
20070222,20.035
20070223,19.81
20070226,19.845
20070227,19.15
20070228,18.9
20070301,18.865
20070302,18.82
20070305,18.415
20070306,18.43
20070307,18.7
20070308,19.045
20070309,20.27
20070312,20.08
20070313,20.33
20070314,20.025
20070315,20.39
20070316,20.27
20070319,20.465
20070320,20.755
20070321,20.905
20070322,21.275
20070323,21.015
20070326,20.915
20070327,20.735
20070328,20.76
20070329,20.86
20070330,21.005
20070402,21.105
20070403,21.445
20070404,21.42
20070405,21.57
20070410,21.685
20070411,22.04
20070412,22.07
20070413,22.08
20070416,22.3
20070417,22.135
20070418,21.305
20070419,21.42
20070420,21.755
20070423,21.59
20070424,21.5
20070425,21.735
20070426,22.57
20070427,22.53
20070430,22.145
20070502,22.22
20070503,22.37
20070504,22.625
20070507,22.69
20070508,22.69
20070509,22.895
20070510,22.775
20070511,22.53
20070514,22.455
20070515,22.615
20070516,22.875
20070517,22.845
20070518,22.885
20070521,22.87
20070522,22.78
20070523,22.77
20070524,22.55
20070525,22.465
20070528,22.39
20070529,22.525
20070530,22.38
20070531,22.6
20070601,23.005
20070604,23.405
20070605,23.37
20070606,22.755
20070607,22.59
20070608,22.35
20070611,22.625
20070612,22.415
20070613,22.29
20070614,22.115
20070615,21.995
20070618,21.895
20070619,21.925
20070620,22.105
20070621,21.72
20070622,21.455
20070625,21.36
20070626,20.755
20070627,20.74
20070628,20.865
20070629,21.105
20070702,21.405
20070703,21.045
20070704,21.245
20070705,21.02
20070706,21.145
20070709,22.095
20070710,21.865
20070711,21.82
20070712,22.195
20070713,22.205
20070716,21.99
20070717,21.82
20070718,21.805
20070719,21.93
20070720,21.59
20070723,21.795
20070724,21.54
20070725,21.645
20070726,21.005
20070727,20.87
20070730,20.755
20070731,21.415
20070801,21.555
20070802,21.505
20070803,21.46
20070806,20.88
20070807,20.855
20070808,20.455
20070809,18.955
20070810,19.01
20070813,19.975
20070814,19.72
20070815,19.67
20070816,18.875
20070817,18.93
20070820,19.205
20070821,19.31
20070822,19.58
20070823,19.685
20070824,19.9
20070827,19.72
20070828,19.61
20070829,20.205
20070830,21.1
20070831,21.505
20070903,21.62
20070904,21.56
20070905,21.08
20070906,20.955
20070907,20.78
20070910,20.25
20070911,20.78
20070912,20.63
20070913,20.68
20070914,20.47
20070917,19.865
20070918,20.215
20070919,20.905
20070920,20.535
20070921,20.015
20070924,19.875
20070925,19.555
20070926,19.99
20070927,20.055
20070928,20.005
20071001,20.005
20071002,20.18
20071003,20.18
20071004,20.145
20071005,19.98
20071008,20.02
20071009,19.955
20071010,20.165
20071011,20.23
20071012,20.0
20071015,19.51
20071016,19.48
20071017,19.675
20071018,19.775
20071019,20.08
20071022,20.005
20071023,20.275
20071024,20.365
20071025,21.215
20071026,20.33
20071029,20.4
20071030,19.955
20071031,19.75
20071101,19.525
20071102,19.555
20071105,19.52
20071106,19.575
20071107,19.49
20071108,19.505
20071109,19.545
20071112,19.325
20071113,19.115
20071114,19.23
20071115,18.875
20071116,18.895
20071119,18.48
20071120,17.885
20071121,17.505
20071122,17.65
20071123,18.42
20071126,17.88
20071127,17.795
20071128,18.1
20071129,18.25
20071130,18.625
20071203,18.685
20071204,18.895
20071205,19.215
20071206,18.945
20071207,19.08
20071210,19.185
20071211,19.225
20071212,19.355
20071213,19.055
20071214,19.01
20071217,18.79
20071218,18.8
20071219,18.765
20071220,18.935
20071221,18.99
20071224,18.99
20071227,19.05
20071228,19.015
20071231,19.4
20080102,19.01
20080103,18.875
20080104,18.385
20080107,18.205
20080108,17.99
20080109,17.025
20080110,16.54
20080111,16.525
20080114,16.765
20080115,16.005
20080116,15.4
20080117,16.015
20080118,16.295
20080121,15.19
20080122,16.205
20080123,15.675
20080124,16.425
20080125,16.205
20080128,15.91
20080129,16.235
20080130,16.515
20080131,16.92
20080201,17.195
20080204,17.06
20080205,16.47
20080206,16.6
20080207,15.925
20080208,16.15
20080211,16.105
20080212,16.665
20080213,16.81
20080214,16.92
20080215,16.935
20080218,17.08
20080219,17.08
20080220,16.665
20080221,16.765
20080222,16.975
20080225,17.13
20080226,17.325
20080227,17.36
20080228,17.17
20080229,17.265
20080303,16.795
20080304,17.08
20080305,16.855
20080306,16.81
20080307,16.625
20080310,15.905
20080311,16.895
20080312,17.275
20080313,17.185
20080314,17.925
20080317,17.355
20080318,17.895
20080319,17.9
20080320,17.95
20080325,18.43
20080326,18.485
20080327,18.83
20080328,19.485
20080331,19.93
20080401,20.39
20080402,19.8
20080403,19.705
20080404,19.86
20080407,20.005
20080408,19.775
20080409,19.76
20080410,19.685
20080411,19.54
20080414,19.615
20080415,19.615
20080416,19.85
20080417,19.81
20080418,19.9
20080421,20.15
20080422,21.525
20080423,21.855
20080424,21.295
20080425,21.685
20080428,21.75
20080429,21.78
20080430,21.93
20080502,22.255
20080505,22.02
20080506,22.545
20080507,23.005
20080508,22.935
20080509,22.91
20080512,23.105
20080513,23.35
20080514,23.85
20080515,23.445
20080516,23.605
20080519,23.58
20080520,23.06
20080521,23.125
20080522,22.985
20080523,22.865
20080526,22.41
20080527,22.805
20080528,23.02
20080529,23.14
20080530,23.415
20080602,23.49
20080603,23.88
20080604,23.68
20080605,24.03
20080606,23.83
20080609,23.305
20080610,22.765
20080611,22.72
20080612,22.505
20080613,22.15
20080616,22.605
20080617,23.485
20080618,23.105
20080619,22.98
20080620,22.06
20080623,22.175
20080624,21.02
20080625,22.255
20080626,21.59
20080627,21.78
20080630,21.53
20080701,21.305
20080702,21.765
20080703,20.905
20080704,20.87
20080707,21.195
20080708,20.47
20080709,20.785
20080710,20.2
20080711,19.24
20080714,19.225
20080715,19.15
20080716,19.445
20080717,19.81
20080718,19.165
20080721,19.195
20080722,19.13
20080723,19.16
20080724,18.215
20080725,18.81
20080728,18.56
20080729,18.79
20080730,19.08
20080731,19.285
20080801,18.985
20080804,18.9
20080805,18.98
20080806,18.9
20080807,19.08
20080808,19.15
20080811,19.305
20080812,19.05
20080813,19.145
20080814,19.49
20080815,19.31
20080818,19.32
20080819,19.035
20080820,19.07
20080821,19.68
20080822,20.205
20080825,20.4
20080826,20.54
20080827,20.675
20080828,19.5
20080829,20.13
20080901,21.025
20080902,21.16
20080903,21.125
20080904,20.795
20080905,20.475
20080908,20.475
20080909,19.665
20080910,19.33
20080911,19.225
20080912,18.955
20080915,18.485
20080916,18.365
20080917,18.175
20080918,17.355
20080919,17.615
20080922,17.945
20080923,17.395
20080924,17.145
20080925,17.22
20080926,16.81
20080929,15.985
20080930,16.56
20081001,16.425
20081002,16.535
20081003,16.005
20081006,14.55
20081007,14.375
20081008,13.725
20081009,13.76
20081010,13.955
20081013,14.86
20081014,14.95
20081015,14.295
20081016,13.94
20081017,13.275
20081020,13.765
20081021,14.325
20081022,14.115
20081023,13.28
20081024,11.955
20081027,11.485
20081028,11.38
20081029,12.1
20081030,12.44
20081031,12.625
20081103,13.365
20081104,14.365
20081105,14.305
20081106,13.435
20081107,13.61
20081110,13.99
20081111,13.605
20081112,13.125
20081113,12.885
20081114,12.735
20081117,12.7
20081118,12.76
20081119,12.375
20081120,10.87
20081121,11.115
20081124,11.22
20081125,10.8
20081126,10.79
20081127,11.615
20081128,11.385
20081201,10.58
20081202,11.005
20081203,11.08
20081204,11.66
20081205,11.43
20081208,11.775
20081209,12.415
20081210,13.02
20081211,12.76
20081212,12.64
20081215,12.66
20081216,13.065
20081217,13.505
20081218,13.345
20081219,12.805
20081222,13.04
20081223,13.085
20081224,12.75
20081229,13.38
20081230,13.47
20081231,13.505
20090102,13.88
20090105,14.44
20090106,15.07
20090107,14.505
20090108,14.535
20090109,14.84
20090112,14.285
20090113,14.055
20090114,13.74
20090115,13.755
20090116,14.335
20090119,14.695
20090120,14.545
20090121,15.28
20090122,14.78
20090123,14.235
20090126,14.61
20090127,14.845
20090128,15.085
20090129,14.755
20090130,14.725
20090202,14.01
20090203,13.925
20090204,14.535
20090205,14.625
20090206,14.52
20090209,14.545
20090210,14.19
20090211,14.13
20090212,13.875
20090213,13.99
20090216,14.225
20090217,13.845
20090218,13.655
20090219,13.755
20090220,13.53
20090223,13.33
20090224,13.125
20090225,13.265
20090226,13.36
20090227,13.185
20090302,12.865
20090303,12.675
20090304,13.285
20090305,12.97
20090306,12.645
20090309,12.66
20090310,13.245
20090311,13.075
20090312,12.765
20090313,14.255
20090316,13.985
20090317,14.12
20090318,14.085
20090319,14.705
20090320,14.73
20090323,14.61
20090324,14.485
20090325,14.755
20090326,15.31
20090327,15.13
20090330,14.905
20090331,15.07
20090401,15.365
20090402,15.265
20090403,15.64
20090406,15.45
20090407,15.105
20090408,15.285
20090409,15.715
20090414,15.945
20090415,15.81
20090416,16.055
20090417,16.36
20090420,16.025
20090421,16.1
20090422,16.435
20090423,15.95
20090424,16.57
20090427,16.2
20090428,16.05
20090429,16.6
20090430,16.79
20090504,17.535
20090505,17.825
20090506,17.93
20090507,17.43
20090508,17.945
20090511,17.4
20090512,17.115
20090513,16.59
20090514,16.16
20090515,16.875
20090518,17.055
20090519,17.15
20090520,17.435
20090521,17.265
20090522,17.365
20090525,17.205
20090526,17.08
20090527,17.005
20090528,17.365
20090529,17.555
20090601,17.81
20090602,17.93
20090603,17.795
20090604,17.775
20090605,17.9
20090608,17.67
20090609,17.67
20090610,17.955
20090611,18.005
20090612,17.905
20090615,17.83
20090616,17.81
20090617,17.775
20090618,17.57
20090619,17.6
20090622,17.025
20090623,17.1
20090624,17.695
20090625,17.415
20090626,17.51
20090629,17.925
20090630,17.795
20090701,18.14
20090702,17.925
20090703,17.985
20090706,17.715
20090707,17.535
20090708,17.365
20090709,17.5
20090710,17.775
20090713,18.105
20090714,18.055
20090715,18.435
20090716,18.91
20090717,20.52
20090720,20.93
20090721,20.915
20090722,20.535
20090723,20.68
20090724,20.625
20090727,20.605
20090728,20.475
20090729,20.68
20090730,20.96
20090731,21.035
20090803,21.23
20090804,21.14
20090805,21.15
20090806,21.255
20090807,21.29
20090810,20.985
20090811,20.885
20090812,20.755
20090813,20.975
20090814,20.76
20090817,20.225
20090818,20.32
20090819,20.23
20090820,20.49
20090821,21.13
20090824,21.84
20090825,22.22
20090826,22.555
20090827,22.755
20090828,22.83
20090831,22.405
20090901,22.26
20090902,21.905
20090903,22.015
20090904,22.38
20090907,22.515
20090908,22.685
20090909,22.855
20090910,22.755
20090911,22.545
20090914,22.455
20090915,22.43
20090916,22.375
20090917,22.325
20090918,22.285
20090921,22.3
20090922,22.295
20090923,22.255
20090924,22.105
20090925,21.9
20090928,22.52
20090929,22.46
20090930,22.185
20091001,21.805
20091002,21.685
20091005,21.755
20091006,22.17
20091007,22.145
20091008,22.715
20091009,23.095
20091012,23.02
20091013,22.68
20091014,23.245
20091015,23.26
20091016,23.185
20091019,23.46
20091020,23.425
20091021,23.225
20091022,22.99
20091023,22.9
20091026,22.105
20091027,22.44
20091028,22.4
20091029,22.725
20091030,23.005
20091102,22.885
20091103,22.76
20091104,23.505
20091105,23.83
20091106,24.67
20091109,25.885
20091110,25.23
20091111,25.605
20091112,26.875
20091113,26.51
20091116,27.005
20091117,26.51
20091118,26.705
20091119,26.155
20091120,26.1
20091123,26.63
20091124,26.43
20091125,26.54
20091126,25.83
20091127,26.285
20091130,26.115
20091201,26.3
20091202,26.615
20091203,27.165
20091204,27.245
20091207,27.025
20091208,26.665
20091209,26.56
20091210,26.865
20091211,27.1
20091214,27.365
20091215,27.365
20091216,27.455
20091217,26.95
20091218,26.62
20091221,27.035
20091222,26.555
20091223,27.215
20091224,27.33
20091228,27.26
20091229,27.66
20091230,27.555
20091231,27.755
20100104,28.43
20100105,28.55
20100106,28.51
20100107,28.815
20100108,28.62
20100111,28.385
20100112,27.985
20100113,27.905
20100114,28.08
20100115,28.265
20100118,28.245
20100119,28.475
20100120,28.135
20100121,27.665
20100122,27.67
20100125,27.94
20100126,27.905
20100127,27.7
20100128,27.36
20100129,27.17
20100201,27.765
20100202,28.125
20100203,28.01
20100204,27.965
20100205,27.095
20100208,26.535
20100209,26.14
20100210,26.225
20100211,26.185
20100212,26.015
20100215,26.36
20100216,26.055
20100217,26.655
20100218,26.81
20100219,26.96
20100222,27.2
20100223,26.84
20100224,26.555
20100225,26.215
20100226,27.01
20100301,27.725
20100302,28.14
20100303,28.62
20100304,28.88
20100305,28.815
20100308,28.705
20100309,28.64
20100310,28.655
20100311,28.565
20100312,29.505
20100315,28.975
20100316,28.865
20100317,29.43
20100318,29.235
20100319,29.585
20100322,29.885
20100323,30.355
20100324,30.23
20100325,29.64
20100326,29.505
20100329,29.655
20100330,29.305
20100331,29.16
20100401,29.73
20100406,30.14
20100407,29.955
20100408,29.755
20100409,30.17
20100412,30.285
20100413,30.115
20100414,30.525
20100415,30.6
20100416,30.37
20100419,30.245
20100420,32.005
20100421,31.915
20100422,31.31
20100423,31.51
20100426,31.84
20100427,31.38
20100428,30.765
20100429,31.17
20100430,31.005
20100503,31.555
20100504,30.45
20100505,29.72
20100506,29.605
20100507,28.765
20100510,30.375
20100511,30.62
20100512,32.015
20100513,31.87
20100514,31.475
20100517,30.595
20100518,31.01
20100519,30.35
20100520,29.69
20100521,29.9
20100524,29.59
20100525,28.61
20100526,29.84
20100527,30.86
20100528,31.07
20100531,30.98
20100601,30.9
20100602,31.35
20100603,31.82
20100604,31.38
20100607,31.1
20100608,31.27
20100609,31.55
20100610,32.45
20100611,31.79
20100614,31.81
20100615,31.79
20100616,31.86
20100617,31.88
20100618,31.85
20100621,32.01
20100622,31.86
20100623,31.54
20100624,31.0
20100625,30.78
20100628,31.05
20100629,30.22
20100630,30.2
20100701,29.75
20100702,29.87
20100705,29.93
20100706,31.13
20100707,31.36
20100708,31.56
20100709,31.38
20100712,31.96
20100713,32.0
20100714,32.49
20100715,32.3
20100716,31.41
20100719,30.97
20100720,30.81
20100721,31.43
20100722,32.35
20100723,32.37
20100726,32.55
20100727,31.94
20100728,31.5
20100729,31.5
20100730,31.19
20100802,32.07
20100803,32.01
20100804,32.53
20100805,32.03
20100806,32.29
20100809,32.39
20100810,31.77
20100811,31.11
20100812,30.66
20100813,30.82
20100816,31.41
20100817,31.5
20100818,31.86
20100819,31.1
20100820,30.89
20100823,30.36
20100824,30.02
20100825,29.18
20100826,29.66
20100827,31.81
20100830,31.71
20100831,31.7
20100901,33.36
20100902,32.85
20100903,33.14
20100906,33.4
20100907,33.54
20100908,34.2
20100909,34.05
20100910,33.87
20100913,34.41
20100914,34.91
20100915,35.03
20100916,34.02
20100917,34.07
20100920,34.58
20100921,34.91
20100922,34.78
20100923,34.2
20100924,34.91
20100927,35.23
20100928,35.43
20100929,35.46
20100930,35.02
20101001,34.83
20101004,34.83
20101005,35.07
20101006,35.7
20101007,34.99
20101008,34.9
20101011,34.98
20101012,35.26
20101013,36.16
20101014,36.36
20101015,36.48
20101018,36.3
20101019,36.37
20101020,36.37
20101021,36.59
20101022,36.54
20101025,36.71
20101026,36.41
20101027,35.7
20101028,35.74
20101029,35.95
20101101,36.05
20101102,36.08
20101103,36.16
20101104,37.11
20101105,36.72
20101108,37.01
20101109,36.96
20101110,36.73
20101111,36.3
20101112,34.46
20101115,34.65
20101116,34.07
20101117,34.12
20101118,35.02
20101119,35.16
20101122,35.08
20101123,34.73
20101124,35.3
20101125,35.55
20101126,35.99
20101129,35.3
20101130,35.42
20101201,36.01
20101202,36.48
20101203,36.29
20101206,36.32
20101207,36.43
20101208,36.1
20101209,35.63
20101210,35.58
20101213,35.8
20101214,35.23
20101215,34.7
20101216,34.97
20101217,34.96
20101220,35.29
20101221,35.55
20101222,35.48
20101223,35.41
20101224,35.61
20101227,35.25
20101228,35.61
20101229,35.84
20101230,35.65
20101231,35.36
20110103,36.07
20110104,36.84
20110105,36.07
20110106,35.9
20110107,35.83
20110110,35.83
20110111,36.83
20110112,37.27
20110113,36.96
20110114,36.89
20110117,36.35
20110118,36.34
20110119,35.86
20110120,35.16
20110121,35.08
20110124,35.02
20110125,35.26
20110126,35.46
20110127,36.23
20110128,35.99
20110131,35.32
20110201,35.22
20110202,34.51
20110203,35.15
20110204,35.18
20110207,35.6
20110208,35.52
20110209,35.41
20110210,35.07
20110211,35.41
20110214,35.55
20110215,35.15
20110216,35.5
20110217,34.81
20110218,34.86
20110221,34.69
20110222,34.68
20110223,34.23
20110224,33.78
20110225,34.14
20110228,35.04
20110301,34.91
20110302,34.78
20110303,35.02
20110304,35.07
20110307,34.81
20110308,34.93
20110309,35.11
20110310,34.78
20110311,32.84
20110314,32.9
20110315,32.08
20110316,30.88
20110317,31.46
20110318,32.41
20110321,32.95
20110322,32.66
20110323,32.78
20110324,33.09
20110325,33.48
20110328,33.71
20110329,33.85
20110330,34.21
20110331,33.96
20110401,34.74
20110404,35.07
20110405,34.97
20110406,34.96
20110407,34.76
20110408,35.04
20110411,34.8
20110412,34.05
20110413,34.16
20110414,33.7
20110415,33.85
20110418,33.37
20110419,33.32
20110420,33.96
20110421,33.38
20110426,33.35
20110427,32.81
20110428,33.02
20110429,32.37
20110502,32.22
20110503,31.41
20110504,31.64
20110505,31.66
20110506,31.73
20110509,31.95
20110510,32.16
20110511,32.28
20110512,31.71
20110513,31.88
20110516,31.83
20110517,31.36
20110518,31.56
20110519,31.62
20110520,31.46
20110523,30.82
20110524,30.9
20110525,32.19
20110526,32.14
20110527,32.55
20110530,32.61
20110531,33.01
20110601,34.01
20110602,33.61
20110603,33.94
20110606,33.96
20110607,34.27
20110608,33.77
20110609,33.91
20110610,33.62
20110613,33.3
20110614,33.76
20110615,33.6
20110616,32.93
20110617,32.89
20110620,32.48
20110621,33.39
20110622,33.16
20110623,32.78
20110624,33.13
20110627,32.65
20110628,32.78
20110629,33.34
20110630,33.79
20110701,34.56
20110704,34.7
20110705,34.57
20110706,34.58
20110707,34.65
20110708,34.3
20110711,33.96
20110712,33.74
20110713,34.05
20110714,34.02
20110715,33.85
20110718,33.44
20110719,33.7
20110720,34.02
20110721,34.4
20110722,34.86
20110725,34.9
20110726,35.06
20110727,35.01
20110728,34.79
20110729,34.84
20110801,34.55
20110802,34.13
20110803,33.76
20110804,31.95
20110805,31.19
20110808,29.46
20110809,29.7
20110810,29.98
20110811,30.6
20110812,31.46
20110815,32.03
20110816,31.35
20110817,31.71
20110818,30.35
20110819,30.5
20110822,30.76
20110823,31.22
20110824,32.47
20110825,32.95
20110826,32.81
20110829,32.9
20110830,33.66
20110831,34.81
20110901,35.03
20110902,34.57
20110905,33.99
20110906,34.11
20110907,34.93
20110908,35.05
20110909,34.69
20110912,34.02
20110913,33.82
20110914,34.26
20110915,35.34
20110916,35.49
20110919,35.04
20110920,35.42
20110921,35.33
20110922,33.85
20110923,33.72
20110926,34.45
20110927,36.25
20110928,36.42
20110929,36.33
20110930,36.02
20111003,35.2
20111004,34.53
20111005,34.13
20111006,34.5
20111007,34.5
20111010,35.62
20111011,35.47
20111012,36.19
20111013,36.37
20111014,36.53
20111017,36.47
20111018,36.3
20111019,35.99
20111020,35.94
20111021,36.68
20111024,37.09
20111025,37.25
20111026,37.78
20111027,37.64
20111028,37.84
20111031,37.4
20111101,36.52
20111102,37.25
20111103,38.0
20111104,38.02
20111107,38.03
20111108,37.49
20111109,39.02
20111110,39.07
20111111,39.84
20111114,39.84
20111115,39.8
20111116,39.52
20111117,39.57
20111118,39.28
20111121,38.04
20111122,37.94
20111123,37.76
20111124,37.43
20111125,37.54
20111128,38.505
20111129,39.105
20111130,40.795
20111201,40.255
20111202,40.24
20111205,40.41
20111206,40.565
20111207,40.745
20111208,40.3
20111209,40.475
20111212,39.965
20111213,40.085
20111214,39.345
20111215,39.53
20111216,39.605
20111219,39.845
20111220,40.5
20111221,40.395
20111222,40.145
20111223,40.04
20111227,40.365
20111228,40.4
20111229,40.64
20111230,40.825
20120102,41.095
20120103,40.93
20120104,41.125
20120105,41.365
20120106,41.16
20120109,42.235
20120110,42.79
20120111,41.95
20120112,42.0
20120113,41.39
20120116,41.0
20120117,41.17
20120118,41.385
20120119,41.3
20120120,40.76
20120123,40.695
20120124,40.6
20120125,40.445
20120126,40.9
20120127,40.62
20120130,40.315
20120131,41.54
20120201,41.975
20120202,41.535
20120203,41.6
20120206,41.675
20120207,41.665
20120208,41.045
20120209,40.87
20120210,41.1
20120213,41.185
20120214,41.355
20120215,41.59
20120216,41.9
20120217,41.675
20120220,42.095
20120221,41.85
20120222,41.66
20120223,41.515
20120224,41.625
20120227,41.24
20120228,41.15
20120229,41.9
20120301,43.295
20120302,43.34
20120305,43.64
20120306,42.935
20120307,43.24
20120308,43.465
20120309,43.82
20120312,43.84
20120313,44.11
20120314,43.03
20120315,43.03
20120316,43.035
20120319,42.97
20120320,42.66
20120321,42.6
20120322,42.135
20120323,42.5
20120326,43.025
20120327,42.635
20120328,42.33
20120329,42.255
20120330,43.195
20120402,44.96
20120403,44.715
20120404,44.09
20120405,44.78
20120410,44.585
20120411,44.625
20120412,46.055
20120413,46.85
20120416,47.94
20120417,48.995
20120418,47.86
20120419,47.765
20120420,48.095
20120423,47.295
20120424,47.53
20120425,48.64
20120426,49.575
20120427,48.905
20120430,48.695
20120502,48.505
20120503,48.91
20120504,47.94
20120507,48.21
20120508,46.93
20120509,46.75
20120510,47.065
20120511,48.18
20120514,47.42
20120515,47.485
20120516,47.275
20120517,47.02
20120518,46.485
20120521,46.06
20120522,47.075
20120523,46.165
20120524,46.39
20120525,46.65
20120528,47.06
20120529,48.225
20120530,48.105
20120531,47.67
20120601,46.005
20120604,45.27
20120605,45.27
20120606,46.005
20120607,46.24
20120608,47.59
20120611,48.085
20120612,48.55
20120613,48.895
20120614,49.825
20120615,50.27
20120618,50.51
20120619,50.43
20120620,50.23
20120621,49.815
20120622,48.57
20120625,48.255
20120626,48.25
20120627,49.64
20120628,49.23
20120629,50.55
20120702,51.16
20120703,51.16
20120704,51.4
20120705,50.94
20120706,50.75
20120709,50.55
20120710,51.15
20120711,51.61
20120712,51.68
20120713,52.9
20120716,53.02
20120717,52.97
20120718,53.6
20120719,53.67
20120720,52.87
20120723,51.31
20120724,51.59
20120725,51.74
20120726,52.05
20120727,52.09
20120730,51.98
20120731,51.54
20120801,51.51
20120802,51.42
20120803,51.85
20120806,51.06
20120807,50.84
20120808,49.71
20120809,49.745
20120810,49.485
20120813,49.275
20120814,49.405
20120815,49.665
20120816,50.01
20120817,50.48
20120820,50.88
20120821,51.34
20120822,50.76
20120823,50.79
20120824,50.99
20120827,50.44
20120828,50.27
20120829,50.29
20120830,49.81
20120831,51.0
20120903,52.05
20120904,52.05
20120905,52.25
20120906,52.45
20120907,51.79
20120910,51.28
20120911,51.53
20120912,53.25
20120913,53.15
20120914,52.62
20120917,52.6
20120918,52.51
20120919,52.59
20120920,52.8
20120921,52.93
20120924,53.03
20120925,53.3
20120926,53.26
20120927,53.81
20120928,54.64
20121001,55.39
20121002,54.76
20121003,54.83
20121004,55.74
20121005,56.03
20121008,55.76
20121009,55.2
20121010,54.99
20121011,55.07
20121012,54.83
20121015,55.05
20121016,55.18
20121017,54.71
20121018,54.68
20121019,54.4
20121022,54.07
20121023,53.31
20121024,53.47
20121025,53.95
20121026,53.4
20121029,53.64
20121030,53.59
20121031,53.71
20121101,54.84
20121102,55.54
20121105,54.98
20121106,55.31
20121107,54.82
20121108,54.36
20121109,54.31
20121112,54.29
20121113,55.09
20121114,55.05
20121115,54.09
20121116,53.48
20121119,53.8
20121120,55.24
20121121,55.03
20121122,55.91
20121123,56.34
20121126,56.37
20121127,57.54
20121128,57.5
20121129,57.94
20121130,56.81
20121203,56.86
20121204,56.34
20121205,56.32
20121206,57.31
20121207,57.19
20121210,54.7
20121211,54.5
20121212,54.3
20121213,54.68
20121214,54.44
20121217,53.31
20121218,53.29
20121219,53.6
20121220,53.8
20121221,52.77
20121224,53.29
20121227,53.23
20121228,53.03
20121231,53.31
20130102,54.19
20130103,52.96
20130104,52.49
20130107,51.76
20130108,51.82
20130109,50.67
20130110,51.0
20130111,49.92
20130114,48.475
20130115,49.685
20130116,51.14
20130117,51.34
20130118,50.49
20130121,50.64
20130122,50.39
20130123,50.41
20130124,50.31
20130125,50.31
20130128,51.16
20130129,50.73
20130130,50.68
20130131,50.29
20130201,50.79
20130204,50.61
20130205,49.43
20130206,49.85
20130207,50.19
20130208,50.9
20130211,51.43
20130212,52.13
20130213,52.59
20130214,53.7
20130215,53.7
20130218,53.46
20130219,54.06
20130220,54.28
20130221,53.54
20130222,54.34
20130225,54.59
20130226,54.58
20130227,54.83
20130228,55.11
20130301,48.895
20130304,51.22
20130305,50.8
20130306,49.93
20130307,49.47
20130308,48.795
20130311,48.505
20130312,48.655
20130313,48.51
20130314,48.33
20130315,47.44
20130318,46.64
20130319,46.95
20130320,47.335
20130321,47.86
20130322,47.69
20130325,47.63
20130326,47.185
20130327,46.645
20130328,47.03
20130402,46.295
20130403,46.01
20130404,47.19
20130405,46.89
20130408,47.365
20130409,46.645
20130410,46.325
20130411,46.94
20130412,46.43
20130415,45.4
20130416,44.57
20130417,43.67
20130418,44.435
20130419,44.005
20130422,43.84
20130423,44.395
20130424,43.22
20130425,41.995
20130426,41.8
20130429,42.3
20130430,42.06
20130502,42.07
20130503,43.155
20130506,43.405
20130507,44.16
20130508,44.85
20130509,44.645
20130510,45.14
20130513,45.18
20130514,45.29
20130515,45.675
20130516,45.7
20130517,45.975
20130520,46.155
20130521,46.51
20130522,46.655
20130523,46.29
20130524,46.18
20130527,46.12
20130528,46.435
20130529,46.57
20130530,46.51
20130531,46.5
20130603,46.35
20130604,46.505
20130605,46.395
20130606,45.995
20130607,46.395
20130610,46.23
20130611,45.69
20130612,45.69
20130613,45.755
20130614,45.525
20130617,45.73
20130618,46.425
20130619,46.175
20130620,45.31
20130621,45.53
20130624,44.8
20130625,44.885
20130626,44.95
20130627,44.965
20130628,45.325
20130701,45.41
20130702,45.265
20130703,45.065
20130704,44.305
20130705,44.225
20130708,44.755
20130709,46.01
20130710,46.12
20130711,46.0
20130712,45.885
20130715,45.82
20130716,45.68
20130717,45.805
20130718,45.82
20130719,43.54
20130722,43.135
20130723,43.305
20130724,43.235
20130725,43.055
20130726,43.33
20130729,43.32
20130730,43.78
20130731,43.29
20130801,43.255
20130802,42.71
20130805,42.155
20130806,41.7
20130807,41.15
20130808,41.46
20130809,41.9
20130812,41.93
20130813,42.09
20130814,42.005
20130815,41.815
20130816,41.92
20130819,41.995
20130820,41.84
20130821,41.71
20130822,42.14
20130823,41.93
20130826,41.71
20130827,41.3
20130828,41.37
20130829,41.95
20130830,42.445
20130902,42.84
20130903,42.745
20130904,43.62
20130905,44.24
20130906,44.0
20130909,44.205
20130910,44.1
20130911,44.835
20130912,44.7
20130913,44.62
20130916,44.36
20130917,44.425
20130918,44.145
20130919,44.065
20130920,44.055
20130923,44.07
20130924,43.735
20130925,42.835
20130926,42.94
20130927,42.7
20130930,42.355
20131001,42.475
20131002,42.6
20131003,42.505
20131004,42.34
20131007,42.1
20131008,41.655
20131009,41.485
20131010,41.54
20131011,42.71
20131014,42.32
20131015,42.59
20131016,42.72
20131017,43.29
20131018,43.88
20131021,44.63
20131022,45.3
20131023,45.17
20131024,45.655
20131025,45.95
20131028,45.57
20131029,45.38
20131030,45.35
20131031,45.345
20131101,45.22
20131104,45.365
20131105,44.93
20131106,43.82
20131107,42.955
20131108,42.89
20131111,42.815
20131112,42.38
20131113,43.275
20131114,44.15
20131115,44.74
20131118,44.1
20131119,44.125
20131120,43.995
20131121,43.54
20131122,43.27
20131125,43.84
20131126,43.23
20131127,43.645
20131128,43.705
20131129,44.055
20131202,43.67
20131203,42.935
20131204,43.105
20131205,42.835
20131206,43.04
20131209,42.64
20131210,41.735
20131211,41.26
20131212,40.52
20131213,40.615
20131216,41.3
20131217,41.175
20131218,40.625
20131219,41.005
20131220,41.19
20131223,41.575
20131224,41.865
20131227,42.17
20131230,42.73
20131231,42.52
20140102,41.91
20140103,42.345
20140106,41.775
20140107,41.18
20140108,40.91
20140109,40.59
20140110,40.785
20140113,41.3
20140114,41.825
20140115,42.125
20140116,42.775
20140117,43.55
20140120,43.83
20140121,43.875
20140122,43.5
20140123,43.12
20140124,41.935
20140127,41.67
20140128,41.735
20140129,41.845
20140130,41.63
20140131,40.78
20140203,40.38
20140204,40.395
20140205,40.33
20140206,40.89
20140207,41.275
20140210,41.6
20140211,42.35
20140212,42.175
20140213,41.93
20140214,41.99
20140217,42.35
20140218,42.39
20140219,42.795
20140220,42.905
20140221,43.07
20140224,43.41
20140225,42.9
20140226,42.455
20140227,42.18
20140228,42.44
20140303,41.645
20140304,41.89
20140305,41.885
20140306,41.455
20140307,41.2
20140310,41.39
20140311,40.805
20140312,40.34
20140313,39.665
20140314,39.87
20140317,39.995
20140318,40.76
20140319,40.42
20140320,40.465
20140321,39.97
20140324,39.725
20140325,40.37
20140326,39.895
20140327,40.45
20140328,40.945
20140331,40.53
20140401,40.1
20140402,40.08
20140403,40.275
20140404,40.815
20140407,40.735
20140408,40.76
20140409,41.46
20140410,41.445
20140411,41.685
20140414,41.85
20140415,42.1
20140416,42.075
20140417,41.085
20140422,41.835
20140423,38.58
20140424,37.485
20140425,35.43
20140428,35.98
20140429,35.69
20140430,35.885
20140502,35.9
20140505,35.825
20140506,35.565
20140507,35.055
20140508,35.015
20140509,35.76
20140512,37.165
20140513,37.51
20140514,37.06
20140515,37.15
20140516,37.53
20140519,38.385
20140520,38.15
20140521,38.155
20140522,37.635
20140523,38.6
20140526,38.7
20140527,38.24
20140528,37.65
20140529,38.005
20140530,37.375
20140602,37.87
20140603,38.0
20140604,37.58
20140605,37.7
20140606,37.75
20140609,38.235
20140610,37.825
20140611,37.8
20140612,37.91
20140613,37.925
20140616,37.77
20140617,37.765
20140618,37.45
20140619,37.315
20140620,37.315
20140623,36.995
20140624,36.96
20140625,35.92
20140626,35.89
20140627,35.81
20140630,35.7
20140701,35.455
20140702,36.05
20140703,35.53
20140704,35.815
20140707,34.075
20140708,33.6
20140709,33.6
20140710,33.25
20140711,33.16
20140714,33.575
20140715,33.32
20140716,33.565
20140717,33.305
20140718,33.085
20140721,32.955
20140722,32.995
20140723,33.245
20140724,33.295
20140725,33.025
20140728,32.86
20140729,33.4
20140730,34.28
20140731,34.65
20140801,33.87
20140804,33.49
20140805,33.385
20140806,33.145
20140807,33.005
20140808,32.435
20140811,32.985
20140812,33.295
20140813,33.125
20140814,33.09
20140815,33.455
20140818,33.925
20140819,34.16
20140820,38.76
20140821,37.705
20140822,38.145
20140825,38.55
20140826,39.025
20140827,39.185
20140828,39.29
20140829,39.02
20140901,39.085
20140902,39.36
20140903,39.365
20140904,40.15
20140905,40.745
20140908,41.045
20140909,41.605
20140910,40.915
20140911,41.15
20140912,41.505
20140915,42.115
20140916,42.605
20140917,42.17
20140918,42.055
20140919,42.14
20140922,42.16
20140923,40.905
20140924,41.515
20140925,41.705
20140926,41.83
20140929,42.32
20140930,42.725
20141001,43.52
20141002,42.44
20141003,41.95
20141006,41.73
20141007,41.245
20141008,40.835
20141009,40.97
20141010,40.7
20141013,39.93
20141014,40.04
20141015,39.185
20141016,39.575
20141017,39.71
20141020,39.395
20141021,40.28
20141022,40.295
20141023,40.085
20141024,39.995
20141027,39.885
20141028,39.9
20141029,39.975
20141030,39.24
20141031,39.96
20141103,39.655
20141104,39.435
20141105,39.845
20141106,39.975
20141107,39.98
20141110,40.665
20141111,41.45
20141112,41.51
20141113,40.86
20141114,40.56
20141117,41.595
20141118,41.79
20141119,41.35
20141120,41.7
20141121,41.885
20141124,41.58
20141125,41.37
20141126,40.935
20141127,40.325
20141128,40.4
20141201,41.615
20141202,41.5
20141203,41.99
20141204,42.705
20141205,42.625
20141208,43.185
20141209,44.18
20141210,42.905
20141211,41.275
20141212,41.205
20141215,39.93
20141216,40.0
20141217,40.085
20141218,41.645
20141219,43.6
20141222,44.21
20141223,44.13
20141224,43.95
20141229,43.765
20141230,43.34
20141231,43.085
20150102,43.27
20150105,42.565
20150106,42.775
20150107,43.62
20150108,46.0
20150109,47.015
20150112,49.805
20150113,49.11
20150114,49.46
20150115,52.02
20150116,51.95
20150119,51.56
20150120,51.67
20150121,50.19
20150122,49.955
20150123,50.16
20150126,50.49
20150127,50.45
20150128,50.0
20150129,50.31
20150130,49.585
20150202,49.325
20150203,49.28
20150204,49.635
20150205,49.71
20150206,49.57
20150209,48.73
20150210,49.05
20150211,49.335
20150212,49.54
20150213,49.66
20150216,49.26
20150217,49.25
20150218,49.51
20150219,49.13
20150220,49.17
20150223,49.335
20150224,48.925
20150225,50.29
20150226,50.11
20150227,47.0
20150302,47.38
20150303,48.095
20150304,48.19
20150305,49.6
20150306,50.6
20150309,50.67
20150310,50.77
20150311,51.02
20150312,51.36
20150313,51.05
20150316,52.01
20150317,51.4
20150318,52.06
20150319,51.87
20150320,51.51
20150323,50.88
20150324,51.01
20150325,51.06
20150326,51.92
20150327,51.08
20150330,50.91
20150331,51.4
20150401,51.71
20150402,51.65
20150407,52.95
20150408,53.06
20150409,53.1
20150410,54.12
20150413,53.76
20150414,53.61
20150415,53.77
20150416,53.2
20150417,50.61
20150420,50.1
20150421,50.32
20150422,48.475
20150423,49.495
20150424,49.155
20150427,49.035
20150428,48.33
20150429,46.685
20150430,46.84
20150504,46.59
20150505,46.675
20150506,45.18
20150507,44.94
20150508,45.215
20150511,45.06
20150512,44.69
20150513,44.0
20150514,44.465
20150515,44.145
20150518,44.14
20150519,43.83
20150520,43.105
20150521,43.365
20150522,43.295
20150525,43.395
20150526,43.1
20150527,43.815
20150528,44.62
20150529,45.3
